https://www.youtube.com/watch?v=nn-Bk3dn5DA,
https://www.youtube.com/watch?v=5QmjDsy84-M,
https://www.youtube.com/watch?v=wfxAawFF2WA,
https://www.youtube.com/watch?v=GMSrBZQwxh4,
https://www.youtube.com/watch?v=239yi7LN2C4,
https://www.youtube.com/watch?v=JxspP84KV_c,
https://www.youtube.com/watch?v=L1XuP-kwGSQ,
https://www.youtube.com/watch?v=YcO-MxPf_Vg,
https://www.youtube.com/watch?v=JwFiIUAa5Jg,
https://www.youtube.com/watch?v=Urs2oS83Cw0,
https://www.youtube.com/watch?v=9RHFFeQ2tu4,
https://www.youtube.com/watch?v=HVStfWZsdBc,
https://www.youtube.com/watch?v=YV6QxXnQc3g,
https://www.youtube.com/watch?v=5ATxcU8ZgHs,
https://www.youtube.com/watch?v=wgOPJIVFXkI,
https://www.youtube.com/watch?v=uGANSyV1C10,
https://www.youtube.com/watch?v=mrdkB9_92DQ,
https://www.youtube.com/watch?v=ozQr9S1Waa0,
https://www.youtube.com/watch?v=fMbMEAtZ3Ds,
https://www.youtube.com/watch?v=BGn2oo-0Dqc,
https://www.youtube.com/watch?v=xjKxCaRruDI,
https://www.youtube.com/watch?v=pskoRCJytR8,
https://www.youtube.com/watch?v=2RmhTbVinV4,
https://www.youtube.com/watch?v=9LhUV5GqGCo,
https://www.youtube.com/watch?v=PwIKfnnVj2A,
